{
  "input_csv": "outputs\\reports\\pick_candidate_features.csv",
  "model_path": "outputs\\models\\pickability_ranker.pt",
  "validation_candidate_rows": 2016,
  "validation_image_groups": 75,
  "feature_count": 19,
  "repeats": 20,
  "baseline_metrics": {
    "mae": 0.020263195037841797,
    "mse": 0.0007403787458315492,
    "rmse": 0.027209901613779296,
    "pearson_correlation": 0.9660552478158031,
    "r2": 0.9307002619481753,
    "top1_agreement": 0.72,
    "target_top1_in_predicted_top3": 0.9733333333333334,
    "mean_top3_overlap_fraction": 0.8488888888888888,
    "mean_reciprocal_rank": 0.8482222222222222,
    "mean_ndcg_at_3": 0.9965099007253101
  },
  "top_features_by_mae_increase": [
    {
      "feature": "depth_median",
      "mae_increase_mean": 0.051920894905924796,
      "mae_increase_std": 0.001349376512712773,
      "rmse_increase_mean": 0.06400129375491834,
      "rmse_increase_std": 0.001383476683808433,
      "r2_drop_mean": 0.7095861852003708,
      "r2_drop_std": 0.023489698635028505,
      "pearson_drop_mean": 0.3496431915750411,
      "pearson_drop_std": 0.011979290897732522,
      "top1_drop_mean": 0.502,
      "top1_drop_std": 0.047003545965526194,
      "top3_contains_target_drop_mean": 0.5080000000000001,
      "top3_contains_target_drop_std": 0.06137679619458082,
      "top3_overlap_drop_mean": 0.43288888888888877,
      "top3_overlap_drop_std": 0.030320102934774298,
      "ndcg_at_3_drop_mean": 0.04852680792466786,
      "ndcg_at_3_drop_std": 0.0035605030090753117
    },
    {
      "feature": "visible_fraction",
      "mae_increase_mean": 0.04184098523110151,
      "mae_increase_std": 0.0009099046021960416,
      "rmse_increase_mean": 0.05466500299290852,
      "rmse_increase_std": 0.0009910712781152516,
      "r2_drop_mean": 0.5582424034586368,
      "r2_drop_std": 0.015234536375316974,
      "pearson_drop_mean": 0.3367507406708874,
      "pearson_drop_std": 0.010884069831515726,
      "top1_drop_mean": 0.32666666666666666,
      "top1_drop_std": 0.050155314330144085,
      "top3_contains_target_drop_mean": 0.38333333333333336,
      "top3_contains_target_drop_std": 0.055116039206185505,
      "top3_overlap_drop_mean": 0.3499999999999999,
      "top3_overlap_drop_std": 0.03107537630255952,
      "ndcg_at_3_drop_mean": 0.03575157512792983,
      "ndcg_at_3_drop_std": 0.0030756730972211896
    },
    {
      "feature": "part_id",
      "mae_increase_mean": 0.02962448950856924,
      "mae_increase_std": 0.0006346077347173441,
      "rmse_increase_mean": 0.038386294602798264,
      "rmse_increase_std": 0.0007955092951847923,
      "r2_drop_mean": 0.33350895432378325,
      "r2_drop_std": 0.009804668060767647,
      "pearson_drop_mean": 0.16923703056066994,
      "pearson_drop_std": 0.005259955289819719,
      "top1_drop_mean": 0.30799999999999994,
      "top1_drop_std": 0.05022615520489964,
      "top3_contains_target_drop_mean": 0.2566666666666667,
      "top3_contains_target_drop_std": 0.03838402445462609,
      "top3_overlap_drop_mean": 0.28022222222222215,
      "top3_overlap_drop_std": 0.025042186627990605,
      "ndcg_at_3_drop_mean": 0.02220580884518681,
      "ndcg_at_3_drop_std": 0.002055202255386614
    },
    {
      "feature": "valid_3d_points",
      "mae_increase_mean": 0.027646632492542268,
      "mae_increase_std": 0.0005746472487318834,
      "rmse_increase_mean": 0.03603958122136518,
      "rmse_increase_std": 0.0008751787940869964,
      "r2_drop_mean": 0.3052200358031262,
      "r2_drop_std": 0.01035890102417197,
      "pearson_drop_mean": 0.16251866956888478,
      "pearson_drop_std": 0.005837116425095966,
      "top1_drop_mean": 0.41,
      "top1_drop_std": 0.05430367288580846,
      "top3_contains_target_drop_mean": 0.3573333333333334,
      "top3_contains_target_drop_std": 0.05539354154090929,
      "top3_overlap_drop_mean": 0.33444444444444443,
      "top3_overlap_drop_std": 0.022082896571501993,
      "ndcg_at_3_drop_mean": 0.030133023830184395,
      "ndcg_at_3_drop_std": 0.002393018398523334
    },
    {
      "feature": "centroid_z",
      "mae_increase_mean": 0.014954082109034062,
      "mae_increase_std": 0.00040854488028659746,
      "rmse_increase_mean": 0.01800584277653462,
      "rmse_increase_std": 0.0005834076881494159,
      "r2_drop_mean": 0.12209470316525137,
      "r2_drop_std": 0.004944949565801775,
      "pearson_drop_mean": 0.0665001321489139,
      "pearson_drop_std": 0.002725923577099013,
      "top1_drop_mean": 0.1773333333333333,
      "top1_drop_std": 0.031012542265634695,
      "top3_contains_target_drop_mean": 0.17000000000000004,
      "top3_contains_target_drop_std": 0.03396076167186674,
      "top3_overlap_drop_mean": 0.1835555555555555,
      "top3_overlap_drop_std": 0.01546641123671585,
      "ndcg_at_3_drop_mean": 0.010456369342049443,
      "ndcg_at_3_drop_std": 0.0012966935511237482
    },
    {
      "feature": "bbox_x_max",
      "mae_increase_mean": 0.013822590932250023,
      "mae_increase_std": 0.00041680410114531625,
      "rmse_increase_mean": 0.0202787342490351,
      "rmse_increase_std": 0.0006363300157314097,
      "r2_drop_mean": 0.14182300167104872,
      "r2_drop_std": 0.005624660033036198,
      "pearson_drop_mean": 0.06351997019321955,
      "pearson_drop_std": 0.002728479556028781,
      "top1_drop_mean": 0.2813333333333333,
      "top1_drop_std": 0.04519587001780878,
      "top3_contains_target_drop_mean": 0.19733333333333342,
      "top3_contains_target_drop_std": 0.03492213560989013,
      "top3_overlap_drop_mean": 0.20955555555555544,
      "top3_overlap_drop_std": 0.01801371219822539,
      "ndcg_at_3_drop_mean": 0.02181353518714884,
      "ndcg_at_3_drop_std": 0.0016602589807446463
    },
    {
      "feature": "visible_pixels",
      "mae_increase_mean": 0.013164765760302543,
      "mae_increase_std": 0.000526779606765766,
      "rmse_increase_mean": 0.017932084850090072,
      "rmse_increase_std": 0.0006223572981919327,
      "r2_drop_mean": 0.12147528771792486,
      "r2_drop_std": 0.005257593557768881,
      "pearson_drop_mean": 0.06361413604653864,
      "pearson_drop_std": 0.002747683003086721,
      "top1_drop_mean": 0.11266666666666665,
      "top1_drop_std": 0.04852948702707572,
      "top3_contains_target_drop_mean": 0.062000000000000055,
      "top3_contains_target_drop_std": 0.02959729717389748,
      "top3_overlap_drop_mean": 0.10977777777777771,
      "top3_overlap_drop_std": 0.019530286704639847,
      "ndcg_at_3_drop_mean": 0.007934852793588909,
      "ndcg_at_3_drop_std": 0.0014238978788794934
    },
    {
      "feature": "bbox_x_min",
      "mae_increase_mean": 0.012852683477103711,
      "mae_increase_std": 0.0002792313260076131,
      "rmse_increase_mean": 0.018320855194611296,
      "rmse_increase_std": 0.0004900398191827179,
      "r2_drop_mean": 0.12476100992622412,
      "r2_drop_std": 0.004168484664099903,
      "pearson_drop_mean": 0.04738277521800264,
      "pearson_drop_std": 0.0021662109722642695,
      "top1_drop_mean": 0.20333333333333328,
      "top1_drop_std": 0.04597100535482484,
      "top3_contains_target_drop_mean": 0.10866666666666672,
      "top3_contains_target_drop_std": 0.026423894910141875,
      "top3_overlap_drop_mean": 0.13311111111111107,
      "top3_overlap_drop_std": 0.01818831533745812,
      "ndcg_at_3_drop_mean": 0.011385298117385067,
      "ndcg_at_3_drop_std": 0.0013162802021689894
    },
    {
      "feature": "centroid_y",
      "mae_increase_mean": 0.011020884197205306,
      "mae_increase_std": 0.00037828853873178955,
      "rmse_increase_mean": 0.016022959812489506,
      "rmse_increase_std": 0.0006155143575936327,
      "r2_drop_mean": 0.10568236647329024,
      "r2_drop_std": 0.005000125758534208,
      "pearson_drop_mean": 0.04636795002740566,
      "pearson_drop_std": 0.002382945007488695,
      "top1_drop_mean": 0.1706666666666666,
      "top1_drop_std": 0.04513682901282868,
      "top3_contains_target_drop_mean": 0.09333333333333337,