{
  "settings": {
    "yolo_model_path": "runs\\segment\\outputs\\segmentation_training\\yolo_segmentation\\weights\\best.pt",
    "ranker_model_path": "outputs\\models\\pickability_ranker.pt",
    "dataset_root": "data\\xyzibd",
    "imgsz": 640,
    "conf": 0.25,
    "iou": 0.5,
    "max_det": 80,
    "iou_match_threshold": 0.5,
    "visibility_proxy": "confidence",
    "max_images_per_scene": 25
  },
  "summaries": [
    {
      "target_name": "heuristic_dataset_masks",
      "image_count": 375,
      "mean_target_candidate_count": 26.6,
      "mean_integrated_candidate_count": 26.605333333333334,
      "mean_candidate_count_difference": 0.005333333333333333,
      "top1_agreement": 0.5466666666666666,
      "target_top1_in_integrated_top3": 0.784,
      "integrated_top1_in_target_top3": 0.8186666666666667,
      "integrated_top1_in_target_top5": 0.9066666666666666,
      "mean_top3_overlap_fraction": 0.6497777777777779,
      "mean_top5_overlap_fraction": 0.7018666666666665,
      "mean_reciprocal_rank": 0.6891407814407814,
      "mean_predicted_rank_of_target_top": 2.4498644986449865,
      "mean_ndcg_at_3": 0.9818307056148503,
      "mean_ndcg_at_5": 0.9817560036061966,
      "mean_regret": 0.017020461048832373,
      "median_regret": 0.0,
      "max_regret": 0.1708442147442356,
      "mean_integrated_top_iou": 0.7935943489670183,
      "mean_false_positive_count_at_iou_threshold": 1.9413333333333334,
      "mean_missed_target_count_at_iou_threshold": 2.0533333333333332,
      "mean_matched_iou_at_threshold": 0.75775326727194
    },
    {
      "target_name": "known_mask_ranker",
      "image_count": 375,
      "mean_target_candidate_count": 26.6,
      "mean_integrated_candidate_count": 26.605333333333334,
      "mean_candidate_count_difference": 0.005333333333333333,
      "top1_agreement": 0.5733333333333334,
      "target_top1_in_integrated_top3": 0.8453333333333334,
      "integrated_top1_in_target_top3": 0.832,
      "integrated_top1_in_target_top5": 0.8933333333333333,
      "mean_top3_overlap_fraction": 0.6808888888888889,
      "mean_top5_overlap_fraction": 0.712,
      "mean_reciprocal_rank": 0.7184219928219927,
      "mean_predicted_rank_of_target_top": 2.1385869565217392,
      "mean_ndcg_at_3": 0.9861119002684396,
      "mean_ndcg_at_5": 0.9846044484365548,
      "mean_regret": 0.011699636618296306,
      "median_regret": 0.0,
      "max_regret": 0.16091883182525635,
      "mean_integrated_top_iou": 0.7935943489670183,
      "mean_false_positive_count_at_iou_threshold": 1.9413333333333334,
      "mean_missed_target_count_at_iou_threshold": 2.0533333333333332,
      "mean_matched_iou_at_threshold": 0.75775326727194
    }
  ],
  "note": "These metrics compare the integrated YOLO-mask pipeline to reference rankings from the heuristic and the known-mask learned ranker. They do not measure real robot grasp-success."
}